Name,Price
Banhey Rearview Mirror Phone Holder for Car-Upgraded Multifunctional Phone Mount for Car 360° Rotatable and Retractable Rearview Mirror Phone Holder for All Mobile Phones and All Car,79
"Controller DOUBLE Vibration Wireless Joysticks for PS4/ PC Alternatives with DUAL Vibration Shock, Classic Design Cross-Platform Compatible with Dualshock & PS4 & PC- color (Black)",358
"DOBE Dual Shock 4 Controller Charging Docking Station with LED Light Indicators and Bottom Light for PS4, PS4 Slim, PS4 Pro Controller",925
"Wireless Controller Dual Vibration Game Gamepad Joystick Controller for PS-4 / Slim / Pro / PC (WIN 7/8/10), YCCTEAM Wireless Controller Compatible with PS-4 Console/PC (Black)",350
"PS4 Controller Charger Dock Station with Charging Cable,1.8 Hour Fast-Charging PS4 Controller Charger Station for Playstation 4 Remote, Replacement for Playstation 4 Controller Charger",575
"BENGOO V-4 Gaming Headset for Xbox One, PS4, PC, Controller, Noise Cancelling Over Ear Headphones with Mic, LED Light Bass Surround Soft Memory Earmuffs for PS5 Laptop Mac PS2 Gamecube -Red",450
"Mcbazel PS5 Edge Controller Charger, PS5 Charging Station for Playstation 5 Dual sense Controller, Fast PS5 Charging Dock for Dual PS5 Controller/PS5 Edge Controller, PS5 Controller Accessories",319
"GUSTAVE® Waterproof Storage Bag for Sony PS5 Console and Game Controller, Black, B",260
"KontrolFreek FPS Freek Galaxy Black for Playstation 4 (PS4) and Playstation 5 (PS5) | Performance Thumbsticks | 1 High-Rise, 1 Mid-Rise | Black (Limited Edition)",263
"FPS Freek Galaxy Black for PlayStation 4 (PS4) and PlayStation 5 (PS5) Performance Thumbsticks, Compatible Controller Grip Performance, Galaxy Themed Thumbstick Covers (1 High-Rise, 1 Mid-Rise, Black)","3,400"
Sony V2 Dualshock 4 Wireless Controller - Jet Black (Middle East) (PS4),146
EA SPORTS FC 25 - PlayStation 5,580
"CXWITHY Silicone Rubber Cover Anti-Slip Skin for Playstation 5 Controller Grips,Protective Case for PS5 Wireless Controller Accessories with 2 Thumb Grips (Black)",549
Banhey Rearview Mirror Phone Holder for Car-Upgraded Multifunctional Phone Mount for Car 360° Rotatable and Retractable Rearview Mirror Phone Holder for All Mobile Phones and All Car,79
"Controller DOUBLE Vibration Wireless Joysticks for PS4/ PC Alternatives with DUAL Vibration Shock, Classic Design Cross-Platform Compatible with Dualshock & PS4 & PC- color (Black)",358
"DOBE Dual Shock 4 Controller Charging Docking Station with LED Light Indicators and Bottom Light for PS4, PS4 Slim, PS4 Pro Controller",925
"Wireless Controller Dual Vibration Game Gamepad Joystick Controller for PS-4 / Slim / Pro / PC (WIN 7/8/10), YCCTEAM Wireless Controller Compatible with PS-4 Console/PC (Black)",350
"PS4 Controller Charger Dock Station with Charging Cable,1.8 Hour Fast-Charging PS4 Controller Charger Station for Playstation 4 Remote, Replacement for Playstation 4 Controller Charger",575
"BENGOO V-4 Gaming Headset for Xbox One, PS4, PC, Controller, Noise Cancelling Over Ear Headphones with Mic, LED Light Bass Surround Soft Memory Earmuffs for PS5 Laptop Mac PS2 Gamecube -Red",450
"Mcbazel PS5 Edge Controller Charger, PS5 Charging Station for Playstation 5 Dual sense Controller, Fast PS5 Charging Dock for Dual PS5 Controller/PS5 Edge Controller, PS5 Controller Accessories",319
"GUSTAVE® Waterproof Storage Bag for Sony PS5 Console and Game Controller, Black, B",260
"KontrolFreek FPS Freek Galaxy Black for Playstation 4 (PS4) and Playstation 5 (PS5) | Performance Thumbsticks | 1 High-Rise, 1 Mid-Rise | Black (Limited Edition)",263
"FPS Freek Galaxy Black for PlayStation 4 (PS4) and PlayStation 5 (PS5) Performance Thumbsticks, Compatible Controller Grip Performance, Galaxy Themed Thumbstick Covers (1 High-Rise, 1 Mid-Rise, Black)","3,400"
Sony V2 Dualshock 4 Wireless Controller - Jet Black (Middle East) (PS4),146
EA SPORTS FC 25 - PlayStation 5,580
"CXWITHY Silicone Rubber Cover Anti-Slip Skin for Playstation 5 Controller Grips,Protective Case for PS5 Wireless Controller Accessories with 2 Thumb Grips (Black)",549
PlayStation Sony DualSense wireless controller for PS5 White,80
Sony PS5 DualSense Charging Station Black,566
"TMG Silicone Key Protector Thumb Grips Anti-Slip Silicone Thumb Grip for PS5,PS4,PS3, Xbox One, Xbox 360 and NS-PRO Controller (4Pcs) Black",850
Atari Mario Playstation 5,500
"YTEAM Wireless Controller for Ps-4, Wireless Controller for PS4, 1000mAh Dual Vibration Audio Functions/Touchpad/6-Axis Gyro/3.5mm Audio Jack Compatible with Ps-4/Pro/Slim/PC (Red)",999
Storage Backpack Bag for PS5 (black),"2,480"
"YTEAM Wireless Controller for PS4, Bluetooth Controller for PS4/Pro/Slim/PC, Gamepad Game Mannette with Dual Vibration/Touchpad/6-Axis Gyroscope",560
Redragon H510 Zeus Wired Gaming Headset - 7.1 Surround Sound - Memory Foam Earpads - 53 mm Drivers - Detachable Microphone - Multiplatform Headset (RGB) Headphones Headset,650
PS4 Specialty Handbag Ps5 PS4,310
"Likorlove PS5 Controller Quick Charger, Dual USB Fast Charging Dock Station Stand for Playstation 5 DualSense Controllers Console with LED Indicator USB Type C Ports, White [2.5-3 Hours]",343
EA SPORTS FC 25 - PlayStation 4,480
"Wireless Controller Compatible with PS-3, Gamepad Controller Remote Joystick, Black,E.M-32",590
"ALEEMTRY PS4 Controller Charging Station, PS4 Controller Accessories with LED Display/1.8 Hours Quick Charge, PS4 Charging Station for Playstation 4/PS4 Pro/PS4 Slim Controller",250
OIVO INDIA Multicolor Controller Silicone Cover Case PS5 Controller Skin Anti Slip Protective Case Sleeve Compatible for Sony PS5 Controller,152
Sony DualSense Black Bluetooth/USB Manette de jeu Analogique/Numérique Playstation 5,250
"arVin Kids Wireless Headphones, Childrens Bluetooth Headphones with Microphone and LED Light, Using TF Card, 85/94dB Volume Limited, Wired Foldable Over-Ear Headset for Girls/Travel/Music/PC/PS5-Black",88
Neuvikter 4 Pcs for PS4 PS3 PS2 Xbox 360 ONE Controller Rubber Silicone Cap Thumbstick Thumb Stick X Cover Case Skin Joystick Grip Grips (Black),65
"EKSA USB Headset with Microphone, Environmental Noise Cancellation Over-Ear PC Headphone for Laptop with Volume Control, Computer Headsets for Home, Call Center, Office, Teams, Zoom (Red)","3,555"
"Ichigo Ichie Type C Power Cable 2 Pin Euro IEC C7, Euro 8 Cable, Suitable for Sony Playstation, PS2, PS3, PS4, PS5, Xbox, Television, Monitor, Radio and Printer, 1.5 Metres (IEC C7, 1.50 Meters)",889
Electronic Arts EA SPORTS FC 25 Standard Edition PS4 | VideoGame | English,198
Rockstar Red Dead Redemption 2 Multi Platform Playstation 4,"8,299"
"NUBWO HW02 USB Computer Headset with Clear Chat Microphone, Lightweight On-Ear Wired Headset for MS Teams, Skype, Webinars, Call Center and More (Black)",270
Socobeta 10Pcs Conductive Film Replacement Keypad Conductive Film Compatible with PS4 Controller Buttons Ribbon Circuit Board,210
"PXN PC Racing Wheel, V3II 180 Degree Universal Usb Car Sim Race Steering Wheel with Pedals for PS3, PS4, Xbox One, Xbox Series X/S, Nintendo Switch (Orange)",59
"WD BLACK P10 Game Drive - 5TB External Hard Drive for Gaming, USB 3.2, Up to 130MB/s Speed, Compatible with PC, PlayStation, and Xbox",152
"KontrolFreek FPS Freek Galaxy Purple for PlayStation 4 (PS4) and PlayStation 5 (PS5) | Performance Thumbsticks | 1 High-Rise, 1 Mid-Rise | Purple",250
Dual Charger with USB LED Dock Station Charging Stand for Playstation 4 for PS4 Controller- BLACK,263
PS4 Controller Cover Case Multi Color with Pair of Thumb Grips,175
"Somago Ps5 Controller Skin, Anti-Slip Silicone Protective Cover Case for Sony Playstation 5 Dualsense Controller (2 Pack) with Thumb Grip Caps (Raised Black & White)",350
Logitech G435 LIGHTSPEED Wireless Gaming Headset - White,"5,423"
"HyperX Cloud II Gaming Headset for PC & PS4 & Xbox One, Nintendo Switch, Red, Wired, One Size Headphones Headset","2,999"
"HEATFUN PS5 Controller Charger, Xbox Series S/X Controller Charging Dock, Charging Station for Playstation 5 Controller, Nintendo Switch Pro Controller, Google Controller, Xbox Elite 2 Controller",190
"Logitech G502 Hero High Performance Wired Gaming Mouse, Hero 16K Sensor, 16,000 DPI, RGB, Adjustable Weights, 11 Programmable Buttons, On-Board Memory, PC/Mac - Black (German Packaging)",235
VGOL 3 pairs Controller Analog Stick Thumbstick Grips Replacement Compatible with Sony Compatible with PS5 Dual Sense Controller Analog Stick Anti-slip Game Joystick,88
KontrolFreek FPSFREEK Galaxy PS4,626
"arVin Kids Headphones, Childrens Headphones with LED Glowing and Microphone, Pluggable, Use TF Card, Foldable Wireless Bluetooth Stereo Pink Headset, Wired Headset","1,785"
BANDAI NAMCO Entertainment Playstation 5 CD Elden Ring,190
"PlayVital Black Nylon Dust Cover for ps5 Soft Neat Lining Dust Guard for ps5 Console, Anti Scratch Waterproof Cover Sleeve for ps5 Console Digital Edition & Disc Edition",450
Toxxos Console and Controller Skins Cover for PS5 - Full Set of Red and Black Spider Skin Accessories,355
One Piece Odyssey,299
PlayStation Sony Computer entertaiment CFI-ZCT1W Dual Sense Wireless Controller Black PS5,"1,100"
TNP Products Controller Case for PS5 Silicone Controller Skin for Dualsense Cover + 8 Pro Thumb Grips Set Sony Playstation 5 Skins Accessories Camo Red with Ergonomic Textured Grip,166
"Tekken 7 by Bandai - PlayStation 4, PAL","3,700"
"Yosoo Health Gear 5PCS Analog Joystick Modules, Joystick Sensor Replacement for PS5, 3D Analog Stick Joystick Thumbstick Rocker for PS5 Controller",349
DualSense Wireless Controller for PlayStation 5 Dark Black),499
EA SPORTS FC 25 Standard Edition PS5 | VideoGame | English,560
"playvital 3D Studded Edition Black Ergonomic Soft Silicone Case Grips for ps5, Rubber Protector Skins with 6 Thumbstick Caps for ps5 Controller – Compatible with Charging Station",268
WWE 2K24 - PlayStation 5,115
Wireless Controller For PlayStation 4 Black,"1,100"
Wireless PS4 Controller for Playstation 4 Pro Slim Console (White),268
"SteelSeries KontrolFreek FPS Freek Galaxy White for Playstation 4 (PS4) and Playstation 5 (PS5) | Performance Thumbsticks | 1 High-Rise, 1 Mid-Rise | White",273
"NA Gaming Headset for Ps4, Ps5, Xbox One, PC, MAC, Switch with 3D Gaming Sound, Noise Isolating Mic, Lightweight Frame - Camo",268
"Logitech G502 HERO High Performance Wired Gaming Mouse, HERO 25K Sensor, 25,600 DPI, RGB, Adjustable Weights, 11 Programmable Buttons, On-Board Memory, PC/Mac - Black","7,479"
DaMohony Backpack Storage Case for Ps5 Game Console Ps4 Protective Bag Shoulder Bag with USB Charger Game Accessories,220
HEYLICOOL PS4 Controller Charging Dock Station with USB Cable,900
"FPS Freek Galaxy White for PlayStation 4 (PS4) and PlayStation 5 (PS5) Performance Thumbsticks, Compatible Controller Grip Performance, Galaxy Themed Thumbstick Covers (1 High-Rise, 1 Mid-Rise, White)",300
WD_BLACK P10 Game Drive 4TB - for On-The-Go Access To Your Game Library - Works with Console or PC,165
22 in 1 Replacement Thumbsticks Button Parts for PS4 Controller,650
1 Set Controller Conductive Silicone Buttons Rubber Pads Replacement Compatible with Sony PS4 Controller,99
"XSUID- Disc Edition Game Console and Controller Accessories Cover Skins PS5 Controller Skin Gift ps5 skins for Console Full Set Red, Spider",355
"Tihebeyan Analogue Joystick, 3D Analogue Stick Joystick Module Sensor Replacement for PS4 Playstation4 Controller (Pack of 2)",73
PlayStation Sony 5 Dualsense Controller Galactic Purple,250
Gamer X PS4 Slim dust cover,"4,899"
Sony 12 Month Playstation Plus Psn Membership Card (New) 1 Year UAE,200
Add-Ons PS4 Real Madrid CF #2 Skin Compatible With PlayStation 4 Controller,330
PlayStation MARVEL’S SPIDER-MAN 2 – PS5,499
Pandaren® silicone skin for PS4/ SLIM/ PRO controller x 3 + thumb grip x 6 (camouflage red blue green),80
Charging Dock Station Stand Base 3 USB HUB Port Cooling Fan for Sony Playstation4 PS4 Controller,"1,949"
Neuvikter 4 Pcs for PS4 PS3 PS2 Xbox 360 ONE Controller Rubber Silicone Cap Thumbstick Thumb Stick X Cover Case Skin Joystick Grip Grips (Black Blue),588
Need for Speed Unbound for PS5,355
"OIVO PS5 Controller Charger, Controller Charging Dock with 4 USB C Dongles and LED Strap for Sony Playstation 5, Fast PS5 Controller Dual Charger for Playstation 5 Wireless Controller",240
"BelugaDesign Warrior PS5 Skin | Cool Viking Samurai Battlefield Dragon Vinyl Cover Wrap Sticker Full Set Console Controller for Boys Men | Compatible with Sony Playstation 5 (PS5 Disc, Red Black)",578
"SONY PS5 GHOST OF TSUSHIMA DIRECTOR'S CUT- PS5, Black, 10GHOCU2","2,999"
Add-Ons PS5 G.T.A VI #2 Skin Sticker Compatible With Playstation 5 Controller,300
Add-Ons PS4 DB Z #3 Skin Compatible With Playstation 4 Controller,200
YOUTHINK Gamepad Protective Cover2Pcs Gamepad Protective Cover Camouflage Silicone Case Skin for PS5 Game Controller (Camouflage Green),249
"FSKE C7 Power Cable 3 Meters 2 Pin Euro Plug to Figure 8 Power Cord for Samsung Philips LG Sony TV, PS4, PS3, PC Monitor, Printer",250
"CamDive Gaming Headset for PS4 PS5 PC Xbox One, PS5 Headset with Noise Cancelling Microphone, Soft Memory Ear Cups, LED Light",300
Gamer X PS5 Controller sillicon Cover Case Dark Grey Camouflaged with 1 Pair Cat Paw,475
"ElecGear 4PCs Replacement Analog Joystick with Trimmer Potentiometer Sensor in Orange for PS4 Pro DualShock 4, Repair Parts 3D Thumb Stick Wireless Controller Rocker Module with Screwdriver Tool Kit","1,499"
Bag for PS5 Game Console Storage Bag ps5,300
"5 in 1 Black Plates for PS5 Slim Disc and Digital Edition, Playstation 5 Slim Cover Accessories Faceplate, Custom Side Face Panel Shell Replacement for Both PS5 Slim Disc and Digital - Matte Black",300
PS5 Inter Milan #1 Skin Sticker Compatible with PlayStation 5 Controller,894
Add-Ons PS5 CR7#4 Skin Sticker Compatible With Playstation 5 Controller,148
ONIKUMA K9 Portable Anti-noise Super Bass Stereo Headphones Laptop Computer Game Headset with Microphone Stretchable Headband,310
yueton 5 Pairs Replacement Cat Pad Style Silicone Analog Controller Joystick Thumb Stick Grip Cap Cover for Sony Playstation 4 Controller,300
PlayStation ASTRO BOT,"3,900"
"ADZ PS5 Cooling Fan, External PS5 Accessories Fan Cooler with USB Port, Suitable for Sony Playstation 5 Digital Version and Optical Drive Version Consoles",488
"Z&Hveez Silicone Gel Controller Cover Skin Protector for PS5 Dualsense Controller, Controller Camouflage Cover with 8 FPS Pro Thumb Grip Caps (Grey)",277
SCIENISH eWINNER Other Dual Shock Controller USB Charging Docking Station for PS4/PS4 Slim/PS4 Pro Controller,"1,159"
Electronic Arts Need For Speed PayBack By EA Region 2 - PlayStation 4,200
"Razer kraken gaming headset 2019: lightweight aluminum frame - retractable noise cancelling mic - for pc, xbox, ps4, nintendo switch - mercury white",450
PS4 Spider Man #1 Skin Compatible With Playstation 4 Controller,249
"Dust Cover for Sony PS5 Console, Oxford Cloth Dustproof Cover AntiScratch Waterproof Protective Case for Sony Playstation 5 Game Console Cover Sleeve for PS5 Accessories Digital Edition & Disc Edition",599
KontrolFreek FPS Freek Vortex for PlayStation 4 (PS4) Controller | Performance Joysticks | 1 Convex High Waisted 1 Concave Medium Size | Orange,"3,443"
SINGLAND Silicone Case Cover for Sony Playstation 5 PS5 DualSense Controller. (4PC-Camouflage2),450
"The Crew Motorfest - Limited Edition, PlayStation 5",103
"Hikfly Silicone Controller Cover Skin Protector Case Faceplates Kits for Sony Playstation 4 PS4/PS4 Slim/PS4 Pro Cntroller Video Games(2x Camouflage Cover with 8 x FPS Pro Thumb Grips Caps)(Blue,Red)",450
ECSiNG 3X JDS-040 Replacement Interface Card Assembly Charging Port Compatible with PS4 Pro Adapter Micro USB Charger Socket Card Connector Module,270
"New world Dust Cover For PS5 Slim , Soft Neat Lining Dust Guard for PS5 Slim Console, Anti Scratch Waterproof Cover Sleeve for Playstation 5 Slim Console Digital Edition & Disc Edition","1,860"
DOBE Silicone Protective Case for PlayStation 5 (Black),159
Add-Ons 5 Pieces PS4 Batman Light Bars Package Compatible With PlayStation 4,150
Playstation 5 CD Gurdains Of The Galaxy,"1,500"
Add-Ons PS5 Venom #1 Skin Compatible with PlayStation 5 (Standard - Digital),590
"DOBE Dual Charging Station for PS5 Controllers, Fast & Smart Charging, Sleek Modern Design - Charging Adapter",600
Waterproof Gaming Bag for PlayStation 5,200
"EKSA E900 Gaming Headset - Xbox Headset with Noise Canceling Microphone, 50MM Speaker, Lightweight and Comfortable, Wired Gaming Headphones Compatible with PC, PS4, PS5, Xbox One, Switch, Laptop",450
Add-Ons PS4 Spider Man #3 Skin Compatible With PlayStation 4 Controller,88
Spiderman Miles Morales (PS4),155
PALAY® Multi-fuction PS5 Controller Waterproof Portable Travel Carry Backpack with Dock and Accessories for PlayStation,"2,100"
FeiYen Silicone Thumb Stick Grip Cap Joystick Thumbsticks Caps Cover for PS4 PS3 Xbox One PS2 Xbox 360 Game Controllers (Red Skull 4PCS),80
"RELIAN Thumb Grips, Thumbstick Grips Caps Covers Replacement Silicone Analog for PS4/PS3/Xbox 360/Xbox One/Wii U Controller 12-Pack/6 Pairs(Black)",100
Mojang Studios Minecraft - PS5,88
Sony B08HHFKMXB PS5 DualSense Charging Station- Black,"1,740"
XFUNY PS4 Gamepad Skin Part Replacement Front Back Controller Shell Polished Glossy Cover Case Protective for Sony PlayStation 4 Game Controllers (Gold),240
Marvel's Avengers (PS4),190
NuFix Controller Silicone Skin for Sony PS5 Extra Thick Cover Skin Case Anti-Slip Grip (Dark Camo),"2,555"
"Odaban F2 RGB Gaming Headset 7.1 Surround Sound, Mic & LED Light Noise Cancelling Microphone Over Ear MULTI-PLATFORM COMPATIBLE",480
"Mcbazel PS5 Cooling Station and Charging Station, 3 Speed Fan, Controller Dock with LED Indicator and 11 Storage Discs - White(Not for PS5 Pro)",299
شنطه بلاستيشن 5 حقيبة PS5 فايف,"3,999"
YoRHa Water Transfer Printing Camouflage Silicone Cover Skin Case for Sony PS4/slim/Pro Dualshock 4 Controller x 1(Colourful Paint) With Pro thumb grips x 8,"1,999"
Call of Duty®: Black Ops 6 - PlayStation 5,200
Paw Patrol Grand Prix – PlayStation 5,150
Add-Ons PS4 Real Madrid CF #7 Skin Compatible With Playstation 4 Controller,450
"PEUTIER 8pcs Thumb Grip Caps for Playstation Portal, Silicone Joystick Covers Controller Thumb Stick Caps Compatible with PS5 PS4 Xbox One Xbox Series X/S Nintendo Switch Pro Joysticks",270
Wedorat Dust Cover for ps5 Protectors for Playstation 5 Game Console Case Skin Waterproof Washable Dust Cover Sleeve for PS5 Accessories Soft Neat Lining Dust Guard Black,200
PS5 F.C Barcelona #3 Skin Sticker Compatible With PlayStation 5 Controller,300
"MENEEA Charging Stand for PS5 Slim with Fan, Station for DualSense/Edge Controller with RGB Light, Headset Hook.3 USB Hubs, Cooler for Playstation 5 Slim Disc & Digital Edition Console 2023","2,999"
Ambertown Silicone Thumb Stick Grip Cap Joystick Thumbsticks Caps Cover for PS4 Xbox One PS3 Xbox 360 PS2 Game Controllers - 4 x Green Skull,88
KontrolFreek FPS Freek Battle Royale Nightfall for PlayStation 4 (PS4) and PlayStation 5 (PS5) | Performance Thumbsticks | 2 High-Rise Convex (Domed) | Black,270
"Pandaren Pack of 8 pcs Thumb Grip Thumbstick for PS5, PS2, PS3, PS4 Xbox 360, Wii U Controller (not for Xbox One Controller)",150
Warner Bros Interactive INJUSTICE 2 WITH DARKSEID DLC Region 2 - PlayStation 4,"1,100"
EA SPORTS UFC 5 - PlayStation 5,270
WEPIGEEK Dobe Dual USB Type C Fast Charging Dock PS5 Controller Charger Station with LED Indicator for Sony Dual Sense Controller (White),175
PlayStation 5 DualSense Wireless Controller (KSA Version) - Grey Camouflage,300
Pandaren Skin Compatible for PS4 Controller Anti-Slip Silicone Cover Skin PS4 Grip Set for PS4 /Slim/PRO Controller(Red Skull Controller Skin x 1 + FPS PRO Thumb Grips x 8),"1,150"
SIE ACC PS4 DUALSHOCK 4 CHARGING STATION BY SONY #MAIN,"1,950"
"Logitech G435 LIGHTSPEED Wireless Bluetooth Gaming Headset - Lightweight, built-in mics, 18h battery, compatible with Dolby Atmos, PC, PS4, PS5, Nintendo Switch, Mobile - Black Headphones Headset",318
"TECTINTER PS5 PS4 Carrying Case, Travel Case for PS5,",50
"TTW menfad Replacement Triggers Button Kit, Controller Silicone Conductive Rubber Pads Handle Buttons, Repair Replacement Part, for PS5, Wear‑Resistant, Not Easy to Damage, Easy to Store and Carry",550
"PS5 Carrying Case, PS5 Travel Bag Storage for PS5 Console Disc/Digital Edition and Controllers, Protective PS5 Shoulder Bag for Playstation 5, Controllers, PS5 Game Cards, HDMI and Accessories Case",749
"Dualshock Wired Controller For PS4 (PS5 Model) – Blue, T-29",600
Add-Ons PS4 Standard Batman #1 Skin For PlayStation 4,399
JOCHUI PS5 Standard Disc Console Controllers DP Skin Sticker Decalsc Compatible with PS5 Console and Controllers,605
Marvelights PlayStation 5 Case Bag Lightweight Travel Storage Protector Shoulder Console Handbag for PlayStation 5 Pro/Xbox One X,150
Dualsense Playstation Game Controller,149
"PSS Analog Controller Gamepad Raised Antislip Thumb Stick Grips Thumbsticks Joystick Cap Cover for PS5,PS4, PS3, Switch Pro,Xbox Series, Xbox one, Xbox 360, Wii U, PS2 Controller (Black) - 8PCS",188
"PEYANZ P.s.5 Skin for Console(Disk Edition) and Controllers Vinyl Sticker, Durable, Scratch Resistant, Bubble-Free",550
"Warner Bros Interactive Entertainment UK Hogwarts Legacy PS4 (Amazon Exclusive), VPAW-FAKV-F209",480
TCOS TECH PS4 Controller Silicone Cover Ultra Grip Anti Slip Protective Sleeve Case for PS4 Controller + 2 Thumb Grips,500
"DOBE PS4 Controller Charger, Dual Shock 4 Controller Charging Docking Station with LED Light Indicators and bottom light for PS4/PS4 Slim/PS4 Pro Controller",185
Anti-Slip Silicone Skin Protective Cover Case for Playstation 5 DualSense Wireless Controller - Black,"2,498"
Resident Evil 4 - PS4,404
"OIVO PS5 Horizontal Stand, PS5 Stand Compatible with Playstation 5 Console, PS5 Stand horizontal, PS5 Base, Upgraded PS5 Desk Stand with Screw Fixing, PS5 Accessories","1,166"
Mcbazel Anti-dust Waterproof Scratch-Resistant Protective Cover for PS5 Slim (Not for PS5),"1,999"
"fashion mania Horizontal Stand for PS5 Slim Console Only, Base Stand Accessories Compatible with Playstation 5 Slim Digital and Ultra-HD Edition Console","1,999"
"Razer Quick Charging Stand - for PlayStation 5 Controller (Quick Charge, Curved Cradle Design, Powered by USB, One-Handed Navigation) Cosmic Red",134
"Razer Quick Charging Stand - Quick Charging Stand for PlayStation 5 Controller (Quick Charge, Curved Cradle Design, Powered by USB, One-Handed Navigation) Midnight Black",132
Microware 8PCS Rubber Silicone Cap Thumbstick Thumb Stick Cover Case Skin Joystick Grip Grips For PlayStation 4 PS4 Wireless Controller,840
Qingsun 5 Pair/10 Pcs Replacement Silicone Analog Joystick Thumb Stick Grips Cap Cover for PS3 / PS4 / Xbox 360 / Xbox One/Wii Game Controllers (Black),750
Multifunction Vertical Stand Cooling Fan Disk Storage Tower Dual Controller Charger Holder for PS4 Slim PS4 Pro P4 - 2724342769248,"1,500"
Mcbazel PS5 Slim Faceplate Replacement Plate for Hard Side Panel Replacement Protective Cover with Ventilation Accessories for PlayStation 5 Slim Disc Edition- Silver,"3,999"
"Eaxus® Padeax - Premium Cooler Suitable for Playstation 5/4 & Laptop/Notebook - LED Fan Stand Compatible with PC, PS4, PS4 Pro, PS5 & Co.",730
"Nolansend Wireless Controller Compatible with PS-4, Gamepad Controller Remote Joystick Compatible with P-4/Pro/Slim Console with Motion Motors, Audio Function, Touch Pad and Dual Vibration(Red)","1,733"
Lego Star Wars: The Skywalker Saga,200
HyperX Cloud Stinger 2 Core Gaming Headsets PS,154
PS4 CR7#6 Skin Compatible With Playstation 4 Controller,984
SKEIDO 8Pieces Silicone Thumbstick Joystick Cap Cover compatible with Playstation for PS5 for PS4 for Xbox Controller - Black,450
"Consoles Cooling Base Stand for PS5 Game Console, Excellent Host Protection and Effective Heat Dissipation, Stable, Non-Slip",82
Call of Duty Black Ops 4 for PS4,"1,600"
Dustproof Soft Lining Scratchproof Cover for PS5 - Easy Access Module Digital Edition and Disc Charging,"1,750"
Melody Sophia Silicone Thumb Stick Grip Cap Joystick Thumbsticks Caps Cover for PS4 PS3 Xbox One PS2 Xbox 360 Game Controllers (Green Cat Dog Paw 4PCS),"1,150"
Konami Silent Hill 2 - PS5,"3,999"
"FPS Freek Inferno for Playstation 4 (PS4) and Playstation 5 (PS5) Controller, FPS Freek Galaxy Performance Thumbsticks for Nintendo Switch, Galaxy Themed Thumbstick Covers (2 High-Rise Concave, Red)",299
"Gorixer RGB Horizontal Stand for PS5 Slim/Pro Console with 4 USB Hubs, Holder Stand Accessories Compatible with PlayStation 5 Slim/Pro Console, 14 Light Modes & Quick Charging Port for PS5 Controller","3,999"
Hogwrts Legacy - PS5,88
Neuvikter 4 Pcs for PS4 PS3 PS2 Xbox 360 ONE Controller Rubber Silicone Cap Thumbstick Thumb Stick X Cover Case Skin Joystick Grip Grips (Yellow),200
Uncharted: Legacy of Thieves Collection,953
Add-Ons PS4 F.C Barcelona #3 Skin Compatible With Playstation 4 Controller,325
CARS 3 DRIVEN TO WIN PlayStation 4 by Disney,"1,575"
Gamer X PS5 Controller White with Skull Draw with 1 Pair Thumb Grip (1),88
"Mcbazel Vertical Dust Cover for 2023 PS5 Slim Only, Dustproof Cover Protective Case for Anti Scratch Shell Cover Sleeve for PS5 Slim Digital Edition and Disc Console (Not for PS5/PS5 Pro) - Black",894
Warner Bros Lego Marvel Collection PlayStation 4 by WB Games,450
Sony PlayStation 5 DualSense Wireless Controller (Cosmic Red),200
Add-Ons PS4 Sticker Bomb #2 Skin Compatible With Playstation 4 Controller,490
شنطه متوافق مع بلاي ستيشن 5 بلاي ستيشن 4,240
Amazingdeal365 2 Silicone Protective Case with 4 Joystick Thumb Stick Caps for Sony PS4 Controllers (Blue),"1,000"
FIFA 20 (Sony PS4),"1,650"
"VLANMON Disc Edition Face Plates Cover Skins Shell Panels for PS5 Console, Playstation 5 Accessories Faceplate Protective Shell Replacement Plate Dustproof Anti-Scratch (Disc Cosmic Red)","2,212"
Warner Brothers Games Interactive Mortal Kombat 11 Ultimate (PS5),"1,500"
Dragon Ball Xenoverse 2 PS5 Game,289
"Generic Wireless Game Controllers for PlayStation 4, Set of 2, Black","1,949"
Add-Ons PS5 Mortal Kombat #3 Skin Compatible with PlayStation 5 (Standard - CD),745
Razer RZ04-03240100-R3M1 Blackshark V2 X Gaming Headset - Black,399
SKEIDO Travel Storage Carry Case Controller Waterproof Protective Bag PS4 bag For Sony Playstation 4,150
Add-Ons 5 Pieces PS4 Games Sony Light Bars Package Compatible With PlayStation 4,150
"Logitech Driving Force G29 Racing Wheel For Ps4, Ps3 and Pc, Black","1,080"
"PS4 Stand with PS4 Cooling Fan Cooler for Playstation 4/PS4 Slim/PS4 Pro, PS4 Stand Cooler with Dual Controller Charge Station & 12 Game Slots PS4 Organizer Stand with PS4 Game Storage",299
ELECTRONIC ARTS FIFA 23 Standard Anglais Playstation 4,200
"Newseego Case for PS5 Controller, Water Transfer Printing Camouflage Soft Silicone Cover with 8 Pcs Thumb Grips, Protective Non-Slip Case for Playstation 5 DualSense Controller",150
Add-Ons PS4 Watch Dogs Skin Compatible With Playstation 4 Controller,975
"innoAura Plates for Disc Edition, Faceplate with Cooling Vents, Anti-Scratch Dustproof Protective Cover Plates for PS5 Disc Edition (Purple)",119
شنطه بلاستيشن 5 شكل اسبيدر مان,112
Gamer X PS4 Controller Cover Case Fire with Pair Thumb Grips (3),200
Sony DualSense Rouge Bluetooth/USB Manette de jeu Analogique/Numérique PlayStation 5,500
"PS5 Console Storage Bag, Black",222
Hanging Hanger Bracket For PS5/PS4 Controller Hanger Storage Stand Gamepad Hook Holder Game Accessories ABS Storage Rack,298
Controller Double Handle Wireless Chargers Dual USB Charging Dock Stand For Playstation 4,"2,499"
FOTTCZ Anti-Slip Soft Silicone Cover Skin Set for PlaySation 4 Controller (Alias Wireless DualShock 4) which 1pcs Controller Skin + 8pcs Thumb Grip Caps - Diamond Skull,"2,997"
"D-Link DWA-F18 VR Air Bridge (Dedicated Wireless Connection from Gaming PC to Meta Quest 2/Quest3/Meta Quest Pro, VR for 360° Movement - Supports Oculus App)",824
SEGA Sonic x Shadow Generations (Playstation 5),500
Bewinner Portable Carrying Bag for PS4 Pro Shockproof Waterproof Nylon Bag with Adjustable Strap for PS4 Pro Travel Storage Carry Case to Protect PS4 Pro,549
Hunterspider Pro Gaming Headset,"1,500"
Ubisoft The Crew Motorfest - [PlayStation 4],"1,150"
Add-Ons PS4 Zamalek SC #4 Skin Compatible With Playstation 4 Controller,200
Add-Ons PS5 Real Madrid CF #7 Skin Compatible with PlayStation 5 (Standard - CD),"1,500"
Add-Ons 5 Pieces PS4 Cristiano Ronaldo CR7 Light Bars Package Compatible With PlayStation 4,150
ACTIVISION Crash Bandicoot N-Sane Trilogy for PlayStation 4,779
"Dualshock Wired Controller For PS4 (PS5 Model) – White, T-29",150
ONIKUMA K1B Camouflage Gaming Headset with Omnidirectional Mic for PS4 XBOX One -Yellow,200
SG Store 8PCS Thumb Grip Caps Compitable with Valve Steam Deck Silicone Thumbsticks Grips Joystick Caps Raised Dots & Studded Design Black,200
Add-Ons PS4 Al Ahly SC #4 Skin Sticker Compatible With Playstation 4 Controller,157
Add-Ons PS4 Joker #2 Skin Compatible With PlayStation 4 Controller,"1,500"
Pvc Protection Decal Skin Cover Sticker For Sony Ps4 Console With 2 Pcs Stickers Controller Ps4-1671,310
"VLANMON Disc Edition Face Plates Cover Skins Shell Panels for PS5 Console, Playstation 5 Accessories Faceplate Protective Shell Replacement Plate Dustproof Anti-Scratch (Disc Starlight Blue)","2,999"
PS4 MU F.C #1 Skin Sticker Compatible With Playstation 4 Controller,200
"OIVO PS5 Charging Station, 2H Fast PS5 Controller Charger for Playstation 5 Dualsense Controller, Upgrade PS5 Charging Dock with 2 Types of Cable, PS5 Charger for Dual PS5 Controller","1,930"
TNP Products Controller Case for PS5 Silicone Controller Skin for Dualsense Cover + 8 Pro Thumb Grips Set Sony Playstation 5 Skins Accessories Camo Green with Ergonomic Textured Grip,495
GOLD Skin Sticker for Playstation PS4 Slim Game Console and Controls,276
DC Universe Injustice 2 Legendary Edition - PlayStation 4,"1,398"
5 Pieces PS4 FC Barcelona Light Bars Package PlayStation 4,150
Add-Ons PS5 Al-Nassr FC #1 Skin Sticker Compatible With PlayStation 5 Controller,300
PlayStation DualSense Wireless Controller – Gray Camouflage,300
Add-Ons PS5 Paris Saint-Germain F.C #2 Skin Sticker Compatible with PlayStation 5 Controller,302
Logitech G435 LIGHTSPEED WRLS G HEADSET WHITE - EMEA,200
Mortal Kombat 1 (PS5),"2,250"
Add-Ons PS4 Al Ahly SC #3 Skin Compatible With Playstation 4 Controller,200
PlayStation Portal Remote Player - PlayStation 5,64
Logitech G733 LIGHTSPEED Wireless Gaming Headset - 7.1 Surround Sound DTS V2 Headphone:X,480
"Grehge TNND Trigger Button Springs 10PCS PS5 Handle Metal L2 R2 Replacement for Playstation 5 PS5 PS4 Dualsense Controller Accessories, metallic",250
WW 2K22 PS5 (PS4),200
Multi-functional Game Console Backpack for PS3 5/PS4,150
Dust Cover Protective Dust Cover With Soft Lining For Ps4 * Slim* Scratch Resistant Waterproof Black Easy Connect For Digital Edition Unit And Disc Color Black For Device Slim,400
Sony PlayStation Network Top up Card $10 | PSN UAE Account [Digital Code],200
PS4 CR7#5 Skin Compatible With Playstation 4 Controller,237
MaD Vision® Set of 4 Pairs (8 Pieces) Ergonomic Thumb Grips for Controllers Compatible with PS5|PS4|Xbox Series X-S/One/360|Nintendo Switch Pro. Different Heights&Texture [14/8/6mm] - Red,"1,998"
"BlueFire Stereo Gaming Headset for Playstation 4 PS4 PS5, Over-Ear Headphones with Mic and LED Lights for Xbox One, PC, Laptop(Green)",200
PS4 Marble #1 Skin Compatible With Playstation 4 Controller,"1,989"
Dragon Ball FighterZ PlayStation 4 by Bandai,"3,900"
DOBE TP4-0425 PS4 Controller COVER (RED),300
Gearbox Publishing Hello Neighbor 2 for PlayStation 5,200
"PXN Game Racing Wheel, -V3II 180°Competition Volante with Universal USB Port and with Pedal, Suitable wheel for PC, Xbox Series X|S, Xbox One PS3, PS4, Nintendo Switch - Orange",300
PlayStation ASTRO BOT,"1,434"
PS5 Star Wars #1 Skin Sticker Compatible With Playstation 5 Controller,200
Electronic Arts Fifa 17,"1,750"
Grand Theft Auto 5 skin sticker series PS4 game player sticker color protection film,227
Lego Star Wars: The Skywalker Saga (Ps5),"1,653"
Anti-Slip Silicone Skin Protective Cover for Playstation 5 Dual Sense Wireless Controller - Blue,185
"DualSense Wireless Controller for PlayStation 5, Starburst Blue",715
DOBE Vertical Stand with Cooling Fan Dual Controller Charger for PS4/PS4 Slim/PS4 PRO,825
Gamrombo Controller for Ps-4 Wireless Gamepad Compatible for Ps-4 Pro/Slim/PC with Dual Vibration/Turbo/3.5mm Audio Jack/Wake Up/Touch Pad/Flexible Buttons,400
OIVO IV-P5207 Fast Charge Charging Dock Breathing Light For PS5 White),"2,999"
Gamer X PS5 Controller Cover Case Sillicon Black with Color with thumb grips (4),124
"Charging Station for PSVR2 Controller, Fastsnail LED Stands for PlayStation VR2, Accessories for PS5 VR Headset & Sense Controller with 15 RGB Light, for PS VR2 Game Accessories Storage Base",200
OSTENT Protective Silicone Gel Soft Case Cover Pouch Sleeve for Sony PlayStation 4 PS4 Controller Color Light Green,200
Sonic Frontiers - PlayStation 5,"1,088"
Add-Ons PS4 Batman #6 Skin Compatible With PlayStation 4 Controller,200
Add-Ons PS4 Paris Saint-Germain F.C #2 Skin Compatible With Playstation 4 Controller,"1,150"
Add-Ons PS4 The Last of Us #2 Skin Compatible With Playstation 4 Controller,200
"PS4 Controller Charger Dock Replacement for PS4, Dual Design Fast Charging Station Compatible with Megadream PS4 PS4 Slim PS4 Pro Controller, USB",299
Ubisoft Assassin's Creed IV Black Flag - Playstation 4,200
"Sony PlayStation 5 Console with Wireless Controller, Middle East Version - White and Black","2,249"
Add-Ons PS4 F.C Barcelona #1 Skin Compatible With Playstation 4 Controller,150
Assassin's Creed Mirage Game for PS5,151
"MINSWC PS4 Controller, Bluetooth PS4 Controller Wireless, PS4 Remote Controller, Replacement for Playstation 4 Controller, Compatible with Playstation 4/Slim/Pro (Black)","2,999"
Silicone Case Cover For Sony PlayStation 4 PS4 Controller,176
"Rise of the Ronin PS5, jeu vidéo Action-RPG, Version Physique avec CD, En Français, 1 joueur, PEGI 18, Pour PlayStation 5","4,849"
"LayTmore Charging Dock Station for PS5 DualSense Wireless Controller, Playstation 5 Controller Charger Stand Holder with Type-C Charging Cable","2,999"
"RGB Controller Charging Station for PS VR2 / PS5 / PS5 Edge with 5V/3A Adapter & 10 Led Light, Wireless Controller Charger Dock for Playstation 5, Charging Stand with VR2 Headset Holder",200
WWE 2K Battlegrounds (PS4),599
Add-Ons PS4 CR7#4 Skin Compatible With Playstation 4 Controller,204
"Keyron Hunterspider Gaming Headset Headphones for PS4 PS5 Switch Xbox One PC with Microphone, Noise Reduction 7.1 Surround Sound & LED Light (Red)",390
Silicon Case For Ps5 Controller Tp5-0559 - Blue,300
"DoinMaster 6-in-1 Charging Station, Multi-Function Cooling Fan, Headphone Holder, Controller Charging Base Replacement, Universal Handle Contact Charging Stand for PS4 / PS4 Slim / PS4 PRO",298
YoRHa Silicone Rubber Gel Customizing Skin Cover for PS5 Controller(Camouflage Red Blue Green) x 3 With Thumb Grips x 6,200
Add-Ons PS5 Spider Man #3 Skin Sticker Compatible With PlayStation 5 Controller,649
Zerone Portable Carrying Bag Travel Shoulder Bag Storage Case for PS4 Pro Black,150
DoubleShock 4 Wireless Controller For PlayStation 4,450
"UGREEN Toslink Audio Optical Cable Male to Male Optical Audio Adapter Cable Compatible with PS4,VD/CD player,Blu-ray players,Game console (1M-Black)","1,500"
Mcbazel Anti-Scratch / Waterproof Protective Case Cover for PS5 Digital Edition / Ultra HD Consoles - Black(Not for PS5 Slim),318
Fifa 14,563
Add-Ons PS5 Zamalek SC #4 Skin Compatible with PlayStation 5 (Slim - CD),88
"TASLAR Carrying Case Shoulder Hand Bag, Waterproof Shockproof Game System Protective Travel Cover Accessories Compatible with PS4 Pro/Playstation 4 Pro, Black, Bag",144
Dobe 12-in-1 Game Kit for PS5 (TPS-0578),"1,430"
Sony PlayStation Network Top up Card $20 | PSN UAE Account [Digital Code],200
WWE 2K24 PS4 STANDARD EDITION,600
Add-Ons PS5 Venom #1 Skin Sticker Compatible With Playstation 5 Controller,300
Gamer X PS4 Controller Cover Case White with Color Dots and Pair of Thumb Grips (1),150
"FUNINGEEK PS4 Gaming Headset, Switch Gaming Headset, with Mic Noise Cancelling, Xbox One Wired LED Lamp Stereo Bass Microphone Adjustable with Mic 3.5 mm Jack Headset with Mic for Nintendo Switch",600
Add-Ons PS4 Standard Real Madrid CF #2 Skin For PlayStation 4,"2,940"
"PlayStation, DualShock 4 V2 Controller for PS4 - Steel Black",158
Square Enix Final Fantasy XVI,300
Ociodual 8 Silicone Thumbstick Protective Caps Compatible with PS4/Slim/PRO Black Joystick Controller Analogue Stick Caps Rubber,300
Sony PlayStation Network Top up Card $50 | PSN UAE Account [Digital Code],"1,500"
Konami E Football Pes 2021: Season Update- Arabic Edition - PlayStation 4,300
EA Sports - FC24 (PS5),549
"HUIJUTCHEN for PS5 Carrying Case, for PS5 Travel Case Compatible with PS5 Disc and Digital Edition Shockproof & Waterproof for PS5 Bag Travel Carry Case Holding for PS5 Console Controllers Game Cards",300
Ambertown 3.5mm Headset Earbud Earphone Earpiece with Microphone for PS4 Controller Headphones Replacement,300
"Arzum OKKA RICH SPIN M OK0012 Turkish Coffee Maker, 700W Stainless Steel Coffee Maker (Turkish Mocha Milk Warmer with Hot Milk Chocolate) Capacity 5 Cups Black/Copper",290
Solutions 2 GO HITMAN World of Assassination (PS5),299
Add-Ons PS5 Batman #3 Skin Sticker Compatible with PlayStation 5 Controller,"3,424"
Timorn 5 Pairs/10 PCS Silicone Cat Pad Joystick Thumb Stick Caps Cover for PS4 PS3 PS2 Xbox One/360 Game Controller,176
2K Games NBA 2K24 PlayStation 5 Kobe Bryant Edition + Amazon Exclusive Bonus DLC,88
FeiYen Silicone Thumb Stick Grip Cap Joystick Thumbsticks Caps Cover for PS4 PS3 Xbox One PS2 Xbox 360 Game Controllers (Blue Skull 4PCS),270
"FUNINGEEK Gaming Headset for PS5 PS4, G9000 Wired Over-Ear Noise Cancelling Headphones with LED, Surround Sound, 3.5mm Jack, Mic, Compatible for Xbox One/Nintendo Switch/PC/Mac",999
EZ Freak for PS5 PS4 SWITCH Procons NOEZ FOXX Supervision fps Controller Stick Cover Aim Enhancer Purple,200
Premify Vertical Stand Magnetic Suction Charging Station Dock with Dual Controller Charger Ports for PS5 and DualSense,362
Add-Ons PS4 DB Z #3 Skin Compatible With Playstation 4 Controller,450
"Microware PS5 Silicone Controller Case Cover Skin Grip Protector for Playstation 5 Accessories Transparent (Pack of 2, ps5controllertransparentsleeve_2)","3,899"
"Gioteck PS4 PS4 Controller Wireless WX4+ Controller With Customizable RGB Lighting, Wireless Controller Works With PS4 PlayStation",434
Dust Cover Soft Lining for Ps5 Scratchproof Waterproof Black in Gray Easy Connect Digital Edition Disc Black in Gray,400
Epic Games Alan Wake 2 Deluxe Edition - PS5,150
Sony PlayStation Network Top up Card $200 | PSN UAE Account [Digital Code],199
Minecraft (PS4),"2,180"
Sonic Superstars - PlayStation 5,699
Dobe PS5 Controller Charging Dock for PS5 Controller,"2,000"
"MENEEA PS5 Controller Charger Station,PS5 Charging Dock Accessories for DualSense Controller, Playstation 5 Console Top 2.5H Fast Charging Stand with LED Indicator White",320
Sony PlayStation Network Top up Card $70 | PSN UAE Account [Digital Code],300
"Tihebeyan PS4 Portable Gaming Bag, Black, Nylon, Waterproof, Shoulder Strap, 4 Compartments, Zipper Closure, Compatible with PS4 & Accessories",276
"Logitech G29 Driving Force Racing Wheel and Floor Pedals, Real Force Feedback, Stainless Steel Paddle Shifters, Leather Steering Wheel Cover for PS5, PS4, PC, Mac - Black",140
PS4 Marvel’s Spider-Man: Game of the Year Edition,300
Add-Ons PS5 Man CIty F.C. #1 Skin Sticker Compatible With Playstation 5 Controller,199
لعبة استونه GTA5,750
Add-Ons PS4 Pro CR7#4 Skin Compatible With PlayStation 4,125
"Tihokile PS4 Controller Station, Dual USB Quick Charge Charger with LED Indicator, Compatible with PS4 Slim/Pro Controller Charger (Black)",299
Tabsy 3 Meter Extra Long Micro USB Charging Cable for PS4 Controllers,300
Gamer X 4 Silicone Analog Joystick Thumbstcks Thumb Stick Grips Caps Cover for PS4 PS5 BOX One 360 Controllers (Black),300
PS5 Playstation 5 Controller Cover Skin Silicone Case + 8 Thumb Grips - Black,"2,233"
Hot Wheels Unleashed 2 - Turbocharged (Playstation 5),500
Add-Ons PS5 Camouflage #2 Skin Sticker Compatible with PlayStation 5 Controller,"1,964"
"PS5 Dust Cover, Console Cover Sleeve for PS5 Accessories Digital Edition & Disc Edition",300
"eXtremeRate PlayVital Purple Anti-Skid Sweat-Absorbent Controller Grip for ps5 Controller,Professional Textured Soft Rubber Pads Handle Grips for ps5 Controller",88
Neuvikter 4 Pcs for PS4 PS3 PS2 Xbox 360 ONE Controller Rubber Silicone Cap Thumbstick Thumb Stick X Cover Case Skin Joystick Grip Grips (Black Pink),750
Add-Ons PS4 Pro Batman #2 Skin For PlayStation 4,69
"KBRPARTS New PS5 CPU Cooling Fan, Internal Cooler Fan Replacement for Sony Playstation 5 PS5 Series 12V 2.15A 23 Blades",300
"Sojare Replacement USB Charging Board Port Socket Charger JDS-050 for PS4 Controller Game Handle,Professional Charging Board Port for PS4 game console",300
"[2021 latest]Gaming Headset with microphone for PS4/PC/Xbox One/nintendo switch/Laptop,360° Stereo Surround Sound USB Gaming Headphones with Noise Cancellation&LED Light&Soft Memory Earmuffs（Blue）",200
Resident Evil Origins Collection - Nintendo Switch,300
Far Cry Primal by Ubisoft - PlayStation 4,750
PS5 Star Wars #2 Skin Sticker Compatible With Playstation 5 Controller,799
TCOS TECH PS5 Cooling Stand with Dual Controller Charging Vertical Stand for Playstation 5 Digital Edition/Disc Edition with 10 Game Disc Organizer,"2,999"
"Paw Patrol, The Pat'patrol: Grand Prix Game PS4","1,999"
Tom Clancy's Rainbow Six Extraction - PlayStation 5,150
Add-Ons 5 Pieces PS4 Real Madrid CF Light Bars Package Compatible with PlayStation 4,600
WARNER BROS Hogwarts Legacy - PlayStation 5,200
Outletissimo® Dobe Portable Storage Case for PS Portal PS5 Anti-Shock Waterproof,175
Add-Ons PS4 Slim God Of War #2 Skin For PlayStation 4,220
PS5 - DualSense Wireless Controller V2 Astro Bot (Limited Edition),799
PS4 Batman #1 Skin Compatible With Playstation 4 Controller,270
Gamer X PS4 Controller Cover Case Brown Camouflage with Thumb Grip,800
"Onyehn 2pcs JDS-040 Replacement Charging Port Assembly for PS4, Repair Part Micro USB Adaptor Charger Socket Board Connector Module((with 12 pin Eject Ribbon Flex Cable)",150
"Cabuas 8pcs Joystick Grip for Ps5 Ps4 Controller, Silicone Thumb Grips Caps Cover Analog Stick for Playstation 5, Playstation 4 Controller, Xbox 360, Xbox One Controller (J 8pcs White)",298
"Cabuas 8pcs Joystick Grip for Ps5 Ps4 Controller, Silicone Thumb Grips Caps Cover Analog Stick for Playstation 5, Playstation 4 Controller, Xbox 360, Xbox One Controller (G 8pcs Yellow)","1,499"
Game Console Carry Bag For PS4 Pro,300
PS4 Batman: Arkham Knight (EU),44
God Of War by Sony Region 2 - Playstation 4,600
PlayStation Sony Media Remote for PS5 - Local Warranty,999
Maximum Games SnowRunner - PS4 (PS4),140
Gamer X PS5 Controller Cover Case GreenCamouflage with Thumb Grips (2),300
Add-Ons PS4 Standard FC Barcelona #1 Skin For PlayStation 4,600
Sucker Punch Infamous: Second Son (2014) Open Region - PlayStation 4,"3,999"
"Logitech G29 Driving Force Racing Wheel and Floor Pedals, Real Force, Stainless Steel Paddle Shifters, Leather Steering Wheel Cover, Adjustable Floor Pedals, PS5/PS4/PS3/PC/Mac – Black","1,500"
Ubisoft Star Wars Outlaws Limited Edition (Exclusive to Amazon.co.uk) (PS5),150
Add-Ons PS5 Marble #2 Skin Compatible with PlayStation 5 (Slim - Digital),310
PlayStation DualSense Wireless Controller - Starlight Blue - PlayStation 5,"3,399"
"8pcs Thumbstick Grip Caps with 4 Sizes, Silicone Button Caps Joystick Replacement Cap Comprehensive Protection Thumb Cap Anti-Slip Thumbstick Soft Cover for Playstation Portal(Red)","1,920"
"Hilitand Carry Bag for PS4 Pro,Waterproof Shockproof Carrying Travel Case,Protective Shoulder Bag Handbag with Adjustable Shoulder Strap,Carrying Storage Case",445
Add-Ons PS4 Standard Spider-Man #2 Skin For PlayStation 4,600
Camouflage Silicone Rubber Skin Cover for PS4 Controller Green Black,119
"ElecGear PS5 Vertical Stand, Cooling Fan, Dual Charger Charging Station Controller, Games Storage Stand for DualSense Controller, Playstation 5 Media Remote and Headphone Holder","1,875"
Just Cause 4 (Playstation 4) - PlayStation 4,300
"Ubisoft Tom Clancy's Ghost Recon, Wildlands Playstation 4","1,999"
STARWARS Tales from the Galaxy’s Edge Enhanced Edition - PSVR2 - PS5 - PEGI Version,150
Add-Ons PS5 Batman #2 Skin Sticker Compatible with PlayStation 5 Controller,"1,999"
"Havit rgb wired gaming headset pc usb 3.5mm xbox / ps4 headsets with 50mm driver, surround sound & hd microphone, xbox one gaming overear headphones for computer laptop, black (h2010d)",650
Razer Universal Quick Charging Stand for PlayStation 5 - White,"1,500"
"Microware PS5 Controller Silicone Cover Skin Case Grip, Anti-Slip Anti-Scratch Protective Cover Shell Fit - Red [Video Game], Pack of 1","1,193"
"CXZ PS5 Controller Charging Station, NEWEST Dual USB Type C PS5 Controller Charger with cable, Charging Dock for Sony Playstation 5 Dualsense Controller (White)",599
Turtle Beach Recon 70P Gaming Headset - White,549
"PS5 Accessories Cooling Fan with LED Light, for Both Disc and Digital Editions, Efficient Cooling System, Easy to Install, Adjustable Fans Speed Levels and Extra USB Port",235
Playstation 4 Slim Skin - Random Pattern D2,176
"Aston Andia 4 Pairs/8 PCS Cat Pad Style PS4 Controller Thumb Grip Caps PS4 Analog Grip Controller Cover Suitable for 360,Xbox One, PS2,PS3, PS4",200
"Beloader Pro Adapter to Keyboard and Mouse for PS5 All Games with Multiple Marco Assist for Cronus,XIM,RESNOW,Titan,USB/BT Gamepads.PS5 Adapter with Network Port and Volume Adjustment Function.",88
Atlus Sega Games King of Fighters XIV for PlayStation 4,"3,133"
"Sony PlayStation 5 DualSense Wireless Controller - Purple Colour, UAE Version",200
Add-Ons PS4 Camouflage #2 Skin Compatible With Playstation 4 Controller,500
Electronic Arts EA Sports FC24 (PS5),"2,999"
2K Top Spin 25 - USK [Playstation 5],50
PUMA unisex-child Puma Evolve Run Mesh AC+ PS Puma Black-P Sportstyle Kids Sneakers,102
THQ Nordic SpongeBob SquarePants Cosmic Shake - PlayStation 4,560
GOZAR 1pcs 3D Joystick Repair Part Analog Replacement Switch for Game Station 4 for PS4 Control,275
Horizon: Zero Dawn – Complete Edition (Playstation Hits),"2,800"
PP FORTNITE PS4 SKIN,"1,159"
Handbag PS4 Black,300
ps4 controller matte black sticker wrap one piece,145
Ubisoft Assassin's Creed Mirage - PlayStation 4,250
PS4 Red Skull Skin Compatible With Playstation 4 Controller,200
COPPS PS4 Controller Charger,310
"IFYOO Keyboard and Mouse Combo Set Adapter for PS4 / Switch/Xbox One, KMAX2 Plus Game Console Wired Converter Compatible with Fortnitee/PUBGG/Rainbow Six Siege And Other FPS Shooting Games",150
"Cabuas 8pcs Joystick Grip for Ps5 Ps4 Controller, Silicone Thumb Grips Caps Cover Analog Stick for Playstation 5, Playstation 4 Controller, Xbox 360, Xbox One Controller (I 8pcs Orange)",271
PS5 Ratchet & Clank: Rift Apart,"1,500"
"CXWITHY Silicone Rubber Cover Anti-Slip Skin for Playstation 5 Controller Grips,Protective Case for PS5 Wireless Controller Accessories with 2 Thumb Grips (Blue)","2,856"
Onikuma K10 Gaming Headset with Surround Sound Pro Noise Canceling Gaming Headphones with Mic & RGB LED Light,190
"Sxhlseller Cover Skin for PS5 Controller, Anti-Slip Silicone Game Grip Protective Case, Ergonomic Soft Durable Gamepad Case, Universal Handle Body Protector, 2pcs(Black)","2,389"
PS4 Superman #1 Skin Compatible With Playstation 4 Controller,200
BEN 10 PlayStation 4,"1,500"
Tennis World Tour 2: Complete Edition (PS5),"11,999"
Square Enix Rise of The Tomb Raider 20 Year Celebration PlayStation 4,262
Add-Ons PS5 Spider-Man #5 Skin Compatible with PlayStation 5 (Standard - Digital),560
Colorful Fortnite Sticker For PS4 Slim Skin Waterproof Sticker,200
"Logitech G402 Hyperion Fury FPS Wired Mouse - Black"" )",131
PS4 Joker #1 Skin Compatible With Playstation 4 Controller,200
BANDAI NAMCO Entertainment Cyberpunk 2077: Ultimate Edition - PS5,530
Double Controller yellow and black,219
Kawaye Stand Cooling Fan for PS4 with Dual Controller,245
"Taidda gaming headset, Gaming Earphone Intelligent Headphone 3.5mm Headset with Mic for Sony PS4 Controller",82
"Dual Sense Wireless Controller Anti-Slip Silicone Cover for Playstation 5, Black",540
Ggzone Silicone Analog Thumb Stick Cap Cover Grip Thumbsticks Joystick For PS4 PS4 Pro Slim Xbox One Xbox One S Elite Xbox 360 PS3 PS2 Wii U Cat Series,"2,900"
"Controller for PS4, PS4 Wireless Controller, YCCSKY Wireless Gamepad Joystick with Dual Motor, 3.5 mm Audio Jack, 6-Axis Gyro and 1000 mAh Battery for PS4/Pro/Slim/PC, Children",300
FeiYen Silicone Thumb Stick Grip Cap Joystick Thumbsticks Caps Cover for PS4 PS3 Xbox One PS2 Xbox 360 Game Controllers (Pink Cat Dog Paw 4PCS),425
Namco Bandai Dragon Ball FighterZ and Dragon Ball Xenoverse 2 Game PlayStation 4,500
Team 17 OVERCOOKED ALL YOU CAN EAT PS5,"6,499"
"Removable Handle Cover Non-slip Pads Anti-slip, Soft Rubber Pads Handle Grips for ps5 Controller (Black)","1,999"
"Logitech Brio 500 Full HD Webcam with Auto Light Correction, show Mode, Dual Noise Reduction Mics, Webcam Privacy Cover, Works with Microsoft Teams, Google Meet, Zoom, USB-C Cable, Streaming - Pink",329
Nickelodeon Kart Racers 3: Slime Speedway,"2,450"
Electronic Arts Need for Speed Unbound - PlayStation 5,272
Pure Gold Plating Skin Stickers For Playstation 4 Ps4 Console With Controller Cover Decals,799
"SIKEMAY PS5 Console Cover Plates for Disc Edition, Playstation 5 Accessories Covers Faceplate Custom Hard Shockproof with Cooling Fan Vents Dust Protective ABS Skins Shell Side Black Panels","2,999"
Add-Ons PS5 Spider Man #2 Skin Sticker Compatible With Playstation 5 Controller,300
Case Compatible with PlayStation 5,298
Elden Ring PS4,300
"Jarchii PS4 Carry Bag, Black, Soft Shell, 32 x 13 x 31 cm, Waterproof Nylon, Adjustable Shoulder Strap",119
Add-Ons PS5 Artwork #11 Skin Sticker Compatible with PlayStation 5 Controller,108
Retrogame Silicone Cover Multi-Colour Red Black for PS4 Dual Shock 4 Controller,83
"Sony PS4 DualShock 4 Wireless Controller - Sunset Orange, Special Edition",260
Silicone Thumb Stick Grip Cap for PlayStation 4 (Black),350
"PXN V10 Steering Wheel with Pedals and Shifter - Steering Wheel for PC, PS4, XBOX - 270/900° Game Steering Wheel FFB Force Feedback Tool App, Paddle Shifters - Black","2,490"
"Disney Classic Games Collection: The Jungle Book, Aladdin, & The Lion King - PS4",300
OCity Silicone Thumb Grip Cap Cover Thumbstick Joystick for Sony PS3 PS4 PS2 Xbox One Xbox 360 Xbox One X S PS4 Pro Slim Cat Print (10 PCS),176
eXtremeRate Open Shell Tools Cross Screwdrivers Original Screws for PS4 All Model Controller Install Repair Mod Clean Controller,300
Capcom Resident Evil 7 Biohazard for PlayStation 4,88
EA Star Wars Jedi Fallen Order PlayStation 4,600
PlayStation Famido Sony 5 Dualsense Controller Cosmic Red,450
THUMB GRIPS For PS5 / PS4,329
CAPTAIN TSUBASA Rise Of New Champions playstation_4 by Bandai Namco,298
Soft Lining Waterproof Scratch Protective Cover Without Take Off Wire for PS5 - Grey,600
Outright Games Paw Patrol: On a roll! (PS4) (PS4),179
Playstation PS4 Game Console and Controls Skins Sticker PS1,88
Memorix AC Milan Cover Sticker For PS4 Console And Controller,600
"BlueFire Kids Headphones for Online School, Children, Teens, Boys, Girls, 3.5mm Stereo Over-Ear Gaming Headphone with Microphone and Volume Control for PS4, PS5, New Xbox One（Blue）",499
"arVin Black Face Plates Skin for PS5 Console, Replacement Shell Cover Case for PS5, ABS Hard Shockproof Anti-Scratch Dustproof Protective Skins Faceplates Accessories for Playstation 5 Disc Edition",200
Add-Ons PS4 Standard Heros Skin For PlayStation 4,410
Official Headset Earbud Headphone Microphone Earpiece For Sony Playstation 4 PS4 (Original Version),259
Fortnite Slim Protective Sticker for Sony PS4 Plus 2 Controllers,200
Add-Ons PS4 Mo Salah #2 Skin Compatible With Playstation 4 Controller,300
Fifa 2023 PlayStation 5,600
ps plus extra 12 month,88
PULSE 3D Midnight Black Wireless Headset (PS5),950
"PS4 Controller Charger, Dual PS4 Charging Dock Station for Playstation 4 Controller, Upgraded Fast-Charging Port PS4 Remote Charger Dock Station, Replacement for PS4 Dualshock 4 Controller Charger","1,200"
Molgegk Wireless Controller for PS4 Playstation 4 Dual Shock (Transparent Blue),200
Shadow of the Tomb Raider - Definitive Edition /PS4,82
Team Sonic Racing 30th Anniversary Edition PEGI (PS4),999
Genérico Retro Console,600
"Sniper Elite 4 for PlayStation 4, ESRB: Mature 17",119
Add-Ons PS4 Pro Real Madrid CF #4 Skin Compatible With Playstation 4,750
Z Super Goku Vegeta Vinyl Skin Stickers For Ps4 Gaming Controller,280
"Rekeso PS5 Carrying Case, PS5 Travel Bag Storage for PS5 Console Disc/Digital Edition and Controllers, Protective PS5 Shoulder Bag for Playstation TRK (Black+White)",560
PlayStation 5 Console,298
SKEIDO PS4 Game System Bag Carry Case Bag for Sony for Playstation 4,310
"Zerone Portable Carrying Bag Travel Shoulder Bag Storage Case for PS4 Pro Black,Video Game Accessories",605
"Frusde Carrying Case for PS5, Travel Case for PS5 Console Disc/Digital Edition, Case Travel Bag for PS5 Console, Controllers, Game Cards, HDMI and Accessories Bag Travel Carry Case -New Upgrade",560
"Frusde Carrying Case for PS5, Travel Case for PS5 Console Disc/Digital Edition, Case Travel Bag for PS5 Console, Controllers, Game Cards, HDMI and Accessories Bag Travel Carry Case -New Upgrade Blue",88
Neuvikter 4 Pcs for PS4 PS3 PS2 Xbox 360 ONE Controller Rubber Silicone Cap Thumbstick Thumb Stick X Cover Case Skin Joystick Grip Grips (Deep Blue),298
"Garsent Carrying Case for PS4 Console/Controller/Accessories, Travel Storage Carry Case, Gaming Storage Bag with Adjustable Strap, Compatible with Playstation 4/PS4 Slim/PS4 Pro",119
وحدة تحكم لاسلكية دوال شوك 4 (اداة تحكم بالالعاب لبلاي ستيشن 4) - تعمل ايضا على الكمبيوتر واللاب توب عن طريق البلوتوث - ذهبي,200
Jurassic World Evolution 2,"2,499"
"MENEEA Charger Charging Cable for PS5 Controller,for Xbox Series X,for Xbox Series S,for Nintendo Switch Controller,2 Pack 10FT Replacement USB C Cord Nylon Braided Type-C Ports Accessories Kit,Black",560
"MAYCREATE® Waterproof Travel Storage Bag with Strap for Sony Playstation 5/PS5 Console Disc, Controllers, Game Cards, Black, One size",200
"HyperX Cloud Alpha - Gaming Headset, Dual Chamber Drivers, Legendary Comfort, Aluminum Frame, Detachable Microphone, Works on PC, PS4, PS5, Xbox One, Xbox Series X|S, Nintendo Switch and Mobile – Red","2,095"
Add-Ons PS4 DB Z #1 Skin Compatible With Playstation 4 Controller,134
"Tokluck PS5 Controller Charging Station, PS5 Accessories Charging Station for PS5 Controller & Edge Controller, PS5 Charging Station Controller Quick Charge with LED Display for Playstation 5",150
Add-Ons 5 Pieces PS4 MIX SHAPE Light Bars Package PlayStation 4,150
Pete Field Thumb Grip Stick Silicone Cap Cover Joystick Grips for PS4- White Skull,300
PS5 Batman #1 Skin Sticker Compatible With Playstation 5 Controller,549
PS4 Ratchet & Clank HITS,298
OIVO PS5 Controller Charger Station with 4 USB-C Type Adapter,"1,999"
"PhoeniXeries Universal Dual Controller Holder for PS4, PS5, Xbox ONE, Switch, Dual Controller Stand, Dual Controller Desk Organizer (Pink)",247
"Vbestlife PS4 Pro Carrying Case, Gaming Console Travel Storage Hand Shoulder Bag PS 4 Protective Bag with Elastic Straps, Large Capacity",272
Paw The Movie Adventure City Calls - PS4,750
"Tolesum Under Desk Controller Holder for PS5, Horizontal Table Stand for PS4, Game Controller Under Desk Mount Holder for PS4/PS5 Controller Accessories",600
Square Enix Just Cause 3 Gold Edition PS4,600
Sonic Forces Ps4 Skin Decal For Console And 2 Controllers,300
Add-Ons PS5 Mortal Kombat #2 Skin Sticker Compatible With PlayStation 5 Controller,300
"PS5 Dualsense Controller Skin case, Anti-Slip Silicone Cover Protective Case for Sony Playstation 5 PS5 Controller Gamepad Game Accessories with 6 Thumb Grips-White",119
Silicone Controller Thumb Stick Grip Cap Skin Case Cover for Sony PS4,298
Socobeta PS4 Carrying Case Travel Storage Carry Case Protective Shoulder Handbag Waterproof for Playstation PS4 Pro Game System,350
"Steelseries arctis 3 wired gaming headset compatible with ps5, ps4, xbox, pc, android, ios clearcast noice cancellation",950
Sxhlseller 2pcs Analog Stick 3D Joystick Replacement Analog Stick Replacement for Controller,350
"Silicone Rubber Cover Anti-Slip Skin for Playstation 5 Controller Grips,Protective Case for PS5 Wireless Controller Accessories with 2 Thumb Grips (Blue)",300
PlayStation Camera - Playstation 4,200
DOBE PS4 Slim Pro Multifunctional Vertical Cooling Stand Cooler with LED Indicator and Disc Storage,"1,500"
Add-Ons PS5 Anime #1 Skin Sticker Compatible With Playstation 5 Controller,300
Sony DualSense Argent Bluetooth Manette de jeu Analogique/Numerique PlayStation 5,88
MAXKU Silicone Thumb Stick Grip Cap Joystick Thumbsticks Caps Cover for PS4 PS3 Xbox One PS2 Xbox 360 Game Controllers (Blue Cat Dog Paw 4PCS),400
"Xiaomi smart phone poco m4 cool blue 5G,6GB RAM,128GB ROM)","1,500"
PS5 Protective Case with Soft Lining,350
Add-Ons PS5 Spider-Man #4 Skin Compatible with PlayStation 5 (Slim - CD),"1,880"
"Gaming Headset for PS4 PS5 PC, 3D Surround Sound with Noise Cancelling Microphone, Headset for Xbox One Switch Mac Laptop","1,500"
"PS5 Controller Skin-Hikfly Silicone Cover for PS5 Controller Grips,Non-Slip Cover for PlayStation 5 Controller- 1 x Skin with 8 x Thumb Grip Caps(WhiteKing)",799
DualShock 4 Wireless Controller for PlayStation 4 - Berry Blue [Discontinued],297
"NUBWO Gaming headsets PS4 N7 Stereo Xbox Headset Wired PC Gaming Headphones with Noise Canceling Mic, Over Ear Gaming Headphones for PC/MAC/PS4/PS5/NS/Xbox (Adapter Not Included) 1","2,999"
SPORTS FC 24 STANDARD - PS4,449
Sony DualShock 4 V2 Gamepad PlayStation 4 Camouflage,875
